Name,Phone Number,Email,Payment Amount
Aarav Sharma,9876543210,aarav.sharma1@example.com,1250
Vivaan Gupta,9123456780,vivaan.gupta2@example.com,2300
Aditya Singh,9988776655,aditya.singh3@example.com,1800
Vihaan Verma,9012345678,vihaan.verma4@example.com,2750
Arjun Kumar,9876501234,arjun.kumar5@example.com,3200
Sai Patel,9123409876,sai.patel6@example.com,1500
Reyansh Jain,9988701234,reyansh.jain7@example.com,4100
Krishna Mehta,9012309876,krishna.mehta8@example.com,2200
Ishaan Agarwal,9876512340,ishaan.agarwal9@example.com,3700
Shaurya Yadav,9123412345,shaurya.yadav10@example.com,1950
Ananya Sharma,9988712345,ananya.sharma11@example.com,2800
Diya Gupta,9012312345,diya.gupta12@example.com,3400
Aadhya Singh,9876523451,aadhya.singh13@example.com,1650
Myra Verma,9123423456,myra.verma14@example.com,2900
Pari Kumar,9988723456,pari.kumar15@example.com,4300
Anika Patel,9012323456,anika.patel16@example.com,2100
Navya Jain,9876534562,navya.jain17@example.com,3800
Sara Mehta,9123434567,sara.mehta18@example.com,1450
Siya Agarwal,9988734567,siya.agarwal19@example.com,2600
Avni Yadav,9012334567,avni.yadav20@example.com,3500
Rohan Sharma,9876545673,rohan.sharma21@example.com,1900
Mohit Gupta,9123445678,mohit.gupta22@example.com,2400
Rahul Singh,9988745678,rahul.singh23@example.com,3150
Karan Verma,9012345679,karan.verma24@example.com,4200
Aman Kumar,9876556784,aman.kumar25@example.com,1700
Neha Patel,9123456781,neha.patel26@example.com,2950
Pooja Jain,9988756789,pooja.jain27@example.com,3600
Priya Mehta,9012356789,priya.mehta28@example.com,1550
Sneha Agarwal,9876567895,sneha.agarwal29@example.com,2700
Kavya Yadav,9123467892,kavya.yadav30@example.com,3300
Manish Sharma,9988767890,manish.sharma31@example.com,2050
Deepak Gupta,9012367890,deepak.gupta32@example.com,3900
Suresh Singh,9876578906,suresh.singh33@example.com,1750
Rakesh Verma,9123478903,rakesh.verma34@example.com,2500
Ajay Kumar,9988778901,ajay.kumar35@example.com,3100
Nitin Patel,9012378901,nitin.patel36@example.com,4500
Vikas Jain,9876589017,vikas.jain37@example.com,1850
Sunil Mehta,9123489014,sunil.mehta38@example.com,2750
Alok Agarwal,9988789012,alok.agarwal39@example.com,3400
Tarun Yadav,9012389012,tarun.yadav40@example.com,1600
Pankaj Sharma,9876590128,pankaj.sharma41@example.com,2250
Hemant Gupta,9123490125,hemant.gupta42@example.com,3650
Lokesh Singh,9988790123,lokesh.singh43@example.com,2000
Anil Verma,9012390123,anil.verma44@example.com,2850
Mukesh Kumar,9876501239,mukesh.kumar45@example.com,3200
Ritu Patel,9123401236,ritu.patel46@example.com,1450
Komal Jain,9988701235,komal.jain47@example.com,2600
Nisha Mehta,9012301234,nisha.mehta48@example.com,3750
Shweta Agarwal,9876512348,shweta.agarwal49@example.com,1800
Payal Yadav,9123412347,payal.yadav50@example.com,2950
Akash Sharma,9988712346,akash.sharma51@example.com,4100
Ravi Gupta,9012312346,ravi.gupta52@example.com,2100
Yash Singh,9876523457,yash.singh53@example.com,3400
Harsh Verma,9123423458,harsh.verma54@example.com,1700
Dev Kumar,9988723457,dev.kumar55@example.com,2800
Aryan Patel,9012323457,aryan.patel56@example.com,3550
Kunal Jain,9876534568,kunal.jain57@example.com,1950
Nikhil Mehta,9123434569,nikhil.mehta58@example.com,3000
Varun Agarwal,9988734568,varun.agarwal59@example.com,4250
Tanya Yadav,9012334568,tanya.yadav60@example.com,1500
Meera Sharma,9876543211,meera.sharma61@example.com,2650
Riya Gupta,9123456782,riya.gupta62@example.com,3700
Ira Singh,9988776656,ira.singh63@example.com,2200
Khushi Verma,9012345680,khushi.verma64@example.com,3350
Muskan Kumar,9876501235,muskan.kumar65@example.com,1800
Simran Patel,9123409877,simran.patel66@example.com,2900
Aisha Jain,9988701236,aisha.jain67@example.com,4400
Nandini Mehta,9012309877,nandini.mehta68@example.com,2050
Trisha Agarwal,9876512341,trisha.agarwal69@example.com,3150
Ishita Yadav,9123412346,ishita.yadav70@example.com,1650
Rajat Sharma,9988712347,rajat.sharma71@example.com,2800
Gaurav Gupta,9012312347,gaurav.gupta72@example.com,3900
Abhishek Singh,9876523452,abhishek.singh73@example.com,1750
Prateek Verma,9123423457,prateek.verma74@example.com,2500
Sachin Kumar,9988723458,sachin.kumar75@example.com,3300
Rohit Patel,9012323458,rohit.patel76@example.com,4600
Vivek Jain,9876534563,vivek.jain77@example.com,1850
Sanjay Mehta,9123434568,sanjay.mehta78@example.com,2950
Dinesh Agarwal,9988734569,dinesh.agarwal79@example.com,3600
Kapil Yadav,9012334569,kapil.yadav80@example.com,1550
Bhavesh Sharma,9876545674,bhavesh.sharma81@example.com,2400
Umesh Gupta,9123445679,umesh.gupta82@example.com,3500
Naresh Singh,9988745679,naresh.singh83@example.com,2000
Jitendra Verma,9012345681,jitendra.verma84@example.com,2750
Mahesh Kumar,9876556785,mahesh.kumar85@example.com,4200
Seema Patel,9123456783,seema.patel86@example.com,1700
Rekha Jain,9988756790,rekha.jain87@example.com,2850
Anu Mehta,9012356790,anu.mehta88@example.com,3400
Pallavi Agarwal,9876567896,pallavi.agarwal89@example.com,1900
Rachna Yadav,9123467893,rachna.yadav90@example.com,3000